<?xml version="1.0" encoding="UTF-8"?>
<beans xmlns="http://www.springframework.org/schema/beans"
	xmlns:xsi="http://www.w3.org/2001/XMLSchema-instance" xmlns:context="http://www.springframework.org/schema/context"
	xmlns:tx="http://www.springframework.org/schema/tx" xmlns:mvc="http://www.springframework.org/schema/mvc"
	xmlns:aop="http://www.springframework.org/schema/aop"
	xsi:schemaLocation="http://www.springframework.org/schema/mvc     
    http://www.springframework.org/schema/mvc/spring-mvc-3.0.xsd  
http://www.springframework.org/schema/beans  
http://www.springframework.org/schema/beans/spring-beans-3.0.xsd  
http://www.springframework.org/schema/context  
http://www.springframework.org/schema/context/spring-context-3.0.xsd  
http://www.springframework.org/schema/tx  
http://www.springframework.org/schema/tx/spring-tx-3.0.xsd
http://www.springframework.org/schema/aop
http://www.springframework.org/schema/aop/spring-aop-3.0.xsd">

	<aop:aspectj-autoproxy />

	<context:component-scan base-package="com.nucleus" />
	<mvc:annotation-driven />

	<context:annotation-config></context:annotation-config>

	<mvc:resources mapping="/resources/**" location="/resources/css/" />

	<bean id="entityManagerFactory"
		class="org.springframework.orm.jpa.LocalContainerEntityManagerFactoryBean">
		<property name="persistenceUnitName" value="PersisUnit" />
		<property name="dataSource" ref="dataSource" />
	</bean>

	<bean id="multipartResolver"
		class="org.springframework.web.multipart.commons.CommonsMultipartResolver">
		<!-- max upload size in bytes -->
		<property name="maxUploadSize" value="20971520" /> <!-- 20MB -->

		<!-- max size of file in memory (in bytes) -->
		<property name="maxInMemorySize" value="1048576" /> <!-- 1MB -->

	</bean>
	<bean
		class="org.springframework.web.servlet.view.InternalResourceViewResolver">
		<property name="prefix" value="/WEB-INF/views/" />
		<property name="suffix" value=".jsp" />
	</bean>

	<bean id="jdbcTemplate" class="org.springframework.jdbc.core.JdbcTemplate">
		<property name="dataSource" ref="dataSource"></property>
	</bean>
	<bean id="dataSource"
		class="org.springframework.jdbc.datasource.DriverManagerDataSource">
		<property name="driverClassName" value="${driverName}" />
		<property name="url" value="${url}" />
		<property name="username" value="${userName}" />
		<property name="password" value="${password}" />
	</bean>

	<bean id="transactionManager" class="org.springframework.orm.jpa.JpaTransactionManager">
		<property name="entityManagerFactory" ref="entityManagerFactory" />
	</bean>

	<tx:annotation-driven transaction-manager="transactionManager" />

	<bean id="authSuccessHandler" class="com.nucleus.functions.Authenticate" />
	<bean
		class="org.springframework.beans.factory.config.PropertyPlaceholderConfigurer">
		<property name="locations" value="/WEB-INF/propertyFile/connection.properties">
		</property>
	</bean>

	<bean id="messageSource"
		class="org.springframework.context.support.ReloadableResourceBundleMessageSource">
		<property name="basenames">
			<list>
				<value>pages</value>
				<value>/WEB-INF/messagesProperties/errorMessages/discussionThreadErrors
				</value>
				<value>/WEB-INF/messagesProperties/errorMessages/discussionCategoryErrors
				</value>
				<value>/WEB-INF/messagesProperties/errorMessages/discussionPostErrors
				</value>
			</list>
		</property>
	</bean>


	<!-- Data Value Processor -->
	<bean id="csrfFilter" name="requestDataValueProcessor"
		class="com.nucleus.csrfsecurity.CSRFRequestDataValueProcessor" />

	<!-- Interceptor handlers -->
	<mvc:interceptors>
		<bean class="com.nucleus.csrfsecurity.CSRFHandlerInterceptor" />
	</mvc:interceptors>


</beans>